Changes made at Sat Aug  9 05:58:18 UTC 2025
Changes made at Thu Nov 20 13:38:00 UTC 2025
Changes made at Thu Nov 20 14:20:45 UTC 2025
Changes made at Thu Nov 20 16:27:28 UTC 2025
Changes made at Fri Nov 21 08:29:01 UTC 2025
Changes made at Fri Nov 21 10:21:28 UTC 2025
Changes made at Fri Nov 21 14:20:02 UTC 2025
Changes made at Fri Nov 21 16:26:13 UTC 2025
Changes made at Sat Nov 22 08:25:06 UTC 2025
Changes made at Sat Nov 22 10:19:15 UTC 2025
Changes made at Sat Nov 22 14:17:04 UTC 2025
Changes made at Sat Nov 22 16:23:22 UTC 2025
Changes made at Sun Nov 23 08:25:07 UTC 2025
Changes made at Sun Nov 23 10:19:51 UTC 2025
Changes made at Sun Nov 23 14:17:09 UTC 2025
Changes made at Sun Nov 23 16:23:23 UTC 2025
